window_id,band,E,EW,a1,b1,a2,b2,cf
1,0,2.1e-05,7.4e-05,7.0,-14.0,31.0,-16.0,35.0
1,1,0.014984,0.080994,7.0,-21.0,32.0,-22.0,54.0
1,2,0.035126,0.125732,22.0,-10.0,34.0,-7.0,36.0
1,3,0.01619,0.063477,0.0,5.0,62.0,-24.0,39.0
1,4,0.013496,0.04126,7.0,-1.0,59.0,-18.0,31.0
1,5,0.009666,0.042023,10.0,1.0,55.0,-40.0,43.0
1,6,0.00621,0.025986,-4.0,-12.0,50.0,-23.0,42.0
1,7,0.004646,0.016769,-13.0,0.0,56.0,-9.0,36.0
1,8,0.003254,0.016388,2.0,1.0,38.0,-40.0,50.0
1,9,0.002018,0.011848,-16.0,-2.0,37.0,-30.0,59.0
1,10,0.001776,0.009224,16.0,7.0,40.0,-7.0,52.0
1,11,0.0017,0.006748,3.0,-9.0,38.0,-6.0,40.0
1,12,0.001925,0.004398,-10.0,4.0,63.0,-13.0,23.0
1,13,0.001218,0.004494,-3.0,-3.0,59.0,1.0,37.0
1,14,0.000771,0.003462,-3.0,0.0,42.0,-17.0,45.0
1,15,0.000833,0.003674,-2.0,-10.0,46.0,-20.0,44.0
1,16,0.000712,0.003891,6.0,0.0,45.0,-13.0,55.0
1,17,0.000745,0.00239,-7.0,-1.0,39.0,-2.0,32.0
1,18,0.000594,0.002384,-6.0,-5.0,50.0,-18.0,40.0
1,19,0.000546,0.002176,12.0,3.0,49.0,-22.0,40.0
1,20,0.000788,0.002554,14.0,8.0,57.0,-7.0,32.0
1,21,0.000468,0.00201,6.0,8.0,39.0,-5.0,43.0
1,22,0.00056,0.002314,-3.0,-3.0,52.0,-34.0,41.0
1,23,0.000451,0.001561,-1.0,-2.0,53.0,-15.0,35.0
1,24,0.000403,0.001751,1.0,-6.0,44.0,-27.0,43.0
1,25,0.000343,0.001429,13.0,-6.0,45.0,-11.0,42.0
1,26,0.000248,0.000897,-4.0,6.0,45.0,-24.0,36.0
1,27,0.000263,0.000713,-12.0,-12.0,34.0,-14.0,27.0
1,28,0.000166,0.000662,3.0,-19.0,0.0,-5.0,40.0
1,29,0.000217,0.000445,10.0,-5.0,40.0,2.0,20.0
1,30,0.000188,0.000821,-21.0,-17.0,12.0,1.0,44.0
1,31,0.000178,0.000762,-1.0,11.0,27.0,9.0,43.0
1,32,0.000149,0.000412,5.0,-7.0,44.0,9.0,28.0
1,33,0.000137,0.000342,-3.0,-16.0,15.0,-17.0,25.0
1,34,0.000157,0.000354,12.0,8.0,17.0,-17.0,23.0
1,35,0.000137,0.000378,-7.0,-4.0,33.0,-1.0,28.0
1,36,0.000111,0.000283,-5.0,-2.0,33.0,1.0,26.0
1,37,9.3e-05,0.000264,18.0,5.0,16.0,0.0,28.0
1,38,0.000114,0.00041,-7.0,0.0,24.0,11.0,36.0
1,39,0.000116,0.000325,3.0,16.0,29.0,-26.0,28.0
1,40,8.6e-05,0.000343,15.0,-3.0,49.0,-25.0,40.0
1,41,0.000103,0.00024,12.0,7.0,27.0,-15.0,23.0
2,0,7.2e-05,0.000168,1.0,-7.0,-13.0,-9.0,23.0
2,1,0.084351,0.272217,-9.0,-24.0,49.0,-4.0,32.0
2,2,0.104919,0.314453,-15.0,-25.0,40.0,-15.0,30.0
2,3,0.039948,0.146606,-5.0,-5.0,2.0,-37.0,37.0
2,4,0.025391,0.111328,19.0,6.0,66.0,-21.0,44.0
2,5,0.019501,0.054443,-18.0,-11.0,41.0,-12.0,28.0
2,6,0.0159,0.039795,1.0,4.0,35.0,-50.0,25.0
2,7,0.008308,0.026703,-4.0,16.0,16.0,-42.0,32.0
2,8,0.009285,0.032562,8.0,1.0,37.0,-57.0,35.0
2,9,0.004932,0.028412,16.0,-19.0,12.0,-50.0,58.0
2,10,0.003626,0.017334,12.0,9.0,31.0,-39.0,48.0
2,11,0.003922,0.025391,10.0,5.0,46.0,-37.0,65.0
2,12,0.003922,0.021072,4.0,-20.0,10.0,-52.0,54.0
2,13,0.002613,0.015556,10.0,16.0,10.0,-28.0,60.0
2,14,0.002176,0.008911,20.0,-8.0,26.0,-59.0,41.0
2,15,0.001651,0.012878,0.0,5.0,36.0,-62.0,78.0
2,16,0.001084,0.005989,-8.0,11.0,23.0,-55.0,55.0
2,17,0.001637,0.004337,1.0,5.0,45.0,-39.0,26.0
2,18,0.001102,0.004444,-7.0,11.0,23.0,-53.0,40.0
2,19,0.001045,0.002539,-16.0,2.0,55.0,-60.0,24.0
2,20,0.000852,0.002512,19.0,-2.0,45.0,-31.0,29.0
2,21,0.000924,0.002317,12.0,-2.0,3.0,-47.0,25.0
2,22,0.000734,0.001845,11.0,-3.0,40.0,-47.0,25.0
2,23,0.00055,0.00205,11.0,10.0,40.0,-38.0,37.0
2,24,0.000733,0.001795,5.0,-3.0,40.0,-75.0,24.0
2,25,0.00083,0.001705,5.0,1.0,28.0,-71.0,21.0
2,26,0.000601,0.001616,11.0,1.0,21.0,-49.0,27.0
2,27,0.000394,0.000972,10.0,-4.0,21.0,-42.0,25.0
2,28,0.000309,0.000992,7.0,11.0,24.0,-38.0,32.0
2,29,0.000501,0.001159,-14.0,5.0,51.0,-44.0,23.0
2,30,0.000255,0.000838,0.0,-8.0,18.0,-50.0,33.0
2,31,0.000359,0.00115,9.0,-2.0,57.0,-42.0,32.0
2,32,0.000281,0.000653,-10.0,3.0,58.0,-23.0,23.0
2,33,0.000228,0.00095,14.0,6.0,38.0,-47.0,42.0
2,34,0.000197,0.000664,8.0,5.0,19.0,-56.0,34.0
2,35,0.000236,0.000803,3.0,3.0,28.0,-51.0,34.0
2,36,0.000252,0.000707,2.0,7.0,24.0,-61.0,28.0
2,37,0.000162,0.000458,11.0,-3.0,30.0,-60.0,28.0
2,38,0.000226,0.00051,-8.0,21.0,16.0,-48.0,23.0
2,39,0.00018,0.000475,-17.0,21.0,37.0,-64.0,26.0
2,40,0.000148,0.000477,10.0,0.0,18.0,-63.0,32.0
2,41,0.000153,0.00041,10.0,-12.0,21.0,-55.0,27.0
3,0,0.000249,0.000385,2.0,0.0,5.0,-93.0,15.0
3,1,0.045746,0.073181,-8.0,-8.0,6.0,-86.0,16.0
3,2,0.090881,0.114807,1.0,-10.0,7.0,-81.0,13.0
3,3,0.03653,0.05719,4.0,-1.0,-5.0,-84.0,16.0
3,4,0.022659,0.038422,-2.0,0.0,3.0,-82.0,17.0
3,5,0.020477,0.028549,-10.0,13.0,5.0,-91.0,14.0
3,6,0.008049,0.013077,-10.0,-3.0,24.0,-78.0,16.0
3,7,0.007511,0.012001,-12.0,3.0,12.0,-79.0,16.0
3,8,0.007919,0.013695,-4.0,3.0,-6.0,-79.0,17.0
3,9,0.007641,0.012657,-2.0,1.0,-3.0,-86.0,17.0
3,10,0.004955,0.007725,-5.0,3.0,20.0,-88.0,16.0
3,11,0.003714,0.006145,8.0,-5.0,7.0,-89.0,17.0
3,12,0.003864,0.005199,0.0,-6.0,0.0,-85.0,13.0
3,13,0.004486,0.006176,1.0,0.0,16.0,-86.0,14.0
3,14,0.002832,0.003006,1.0,1.0,10.0,-84.0,11.0
3,15,0.003132,0.004097,0.0,-1.0,18.0,-88.0,13.0
3,16,0.002758,0.003904,-5.0,-8.0,12.0,-81.0,14.0
3,17,0.001465,0.001987,6.0,-2.0,9.0,-72.0,14.0
3,18,0.001596,0.002092,-1.0,-3.0,27.0,-85.0,13.0
3,19,0.001944,0.002047,-6.0,4.0,24.0,-82.0,11.0
3,20,0.001508,0.002422,9.0,-4.0,-3.0,-83.0,16.0
3,21,0.001175,0.001006,-2.0,9.0,27.0,-81.0,9.0
3,22,0.0009,0.000868,1.0,-8.0,23.0,-78.0,10.0
3,23,0.000782,0.001181,8.0,1.0,23.0,-80.0,15.0
3,24,0.000708,0.001142,-1.0,-7.0,8.0,-78.0,16.0
3,25,0.00057,0.000872,7.0,-7.0,27.0,-64.0,15.0
3,26,0.000659,0.00095,-6.0,8.0,9.0,-79.0,14.0
3,27,0.00064,0.000963,8.0,4.0,3.0,-86.0,15.0
3,28,0.000538,0.000489,0.0,6.0,7.0,-88.0,9.0
3,29,0.000557,0.00068,-2.0,5.0,8.0,-81.0,12.0
3,30,0.000323,0.000645,-13.0,5.0,21.0,-74.0,20.0
3,31,0.000345,0.000398,7.0,-15.0,22.0,-70.0,12.0
3,32,0.000393,0.000502,3.0,7.0,14.0,-86.0,13.0
3,33,0.000478,0.00085,7.0,3.0,4.0,-76.0,18.0
3,34,0.000351,0.000378,2.0,4.0,11.0,-78.0,11.0
3,35,0.000309,0.000362,3.0,0.0,9.0,-83.0,12.0
3,36,0.000257,0.000285,14.0,-3.0,16.0,-78.0,11.0
3,37,0.000392,0.000395,-4.0,-9.0,7.0,-81.0,10.0
3,38,0.000278,0.000288,2.0,-11.0,19.0,-86.0,10.0
3,39,0.000172,0.000194,-4.0,6.0,12.0,-66.0,11.0
3,40,0.000285,0.0004,1.0,4.0,31.0,-75.0,14.0
3,41,0.000147,0.000163,3.0,0.0,19.0,-55.0,11.0
4,0,0.000192,0.000286,6.0,1.0,-19.0,-91.0,15.0
4,1,0.045929,0.065613,2.0,3.0,-19.0,-84.0,14.0
4,2,0.072937,0.111816,7.0,1.0,-8.0,-81.0,15.0
4,3,0.033905,0.049561,6.0,-7.0,-21.0,-81.0,15.0
4,4,0.024094,0.032196,4.0,-5.0,-14.0,-83.0,13.0
4,5,0.011497,0.020218,22.0,-2.0,-1.0,-74.0,18.0
4,6,0.015579,0.020401,11.0,-1.0,-14.0,-81.0,13.0
4,7,0.00956,0.012512,-3.0,2.0,-11.0,-80.0,13.0
4,8,0.007271,0.010406,10.0,-5.0,-5.0,-85.0,14.0
4,9,0.006283,0.008858,5.0,0.0,-5.0,-90.0,14.0
4,10,0.006096,0.007351,4.0,3.0,-17.0,-84.0,12.0
4,11,0.003208,0.004585,2.0,3.0,-30.0,-72.0,14.0
4,12,0.00313,0.004845,-3.0,-3.0,-23.0,-77.0,15.0
4,13,0.002722,0.003986,5.0,-9.0,-9.0,-86.0,15.0
4,14,0.002651,0.004524,-1.0,1.0,-5.0,-86.0,17.0
4,15,0.002094,0.002743,3.0,-5.0,-23.0,-75.0,13.0
4,16,0.002317,0.003633,2.0,-6.0,-9.0,-82.0,16.0
4,17,0.001759,0.002689,-1.0,11.0,-13.0,-84.0,15.0
4,18,0.001686,0.002279,-7.0,-2.0,-17.0,-82.0,14.0
4,19,0.001354,0.00227,6.0,-2.0,-2.0,-83.0,17.0
4,20,0.001069,0.002014,6.0,3.0,-16.0,-82.0,19.0
4,21,0.000732,0.000942,-2.0,-4.0,-16.0,-81.0,13.0
4,22,0.001281,0.001346,0.0,0.0,-14.0,-81.0,11.0
4,23,0.000824,0.001224,3.0,0.0,-25.0,-78.0,15.0
4,24,0.000638,0.000754,7.0,4.0,-4.0,-77.0,12.0
4,25,0.000646,0.000927,2.0,-3.0,-15.0,-78.0,14.0
4,26,0.000591,0.000742,-8.0,-2.0,-27.0,-72.0,13.0
4,27,0.000608,0.000704,0.0,-1.0,-14.0,-86.0,12.0
4,28,0.000556,0.000556,4.0,-10.0,3.0,-90.0,10.0
4,29,0.00041,0.000443,-11.0,2.0,-16.0,-82.0,11.0
4,30,0.00042,0.000618,-15.0,6.0,-7.0,-79.0,15.0
4,31,0.000349,0.000486,2.0,3.0,-1.0,-76.0,14.0
4,32,0.000303,0.000425,-6.0,7.0,2.0,-70.0,14.0
4,33,0.000271,0.000301,-6.0,19.0,-8.0,-69.0,11.0
4,34,0.000271,0.000324,-1.0,10.0,-11.0,-76.0,12.0
4,35,0.000255,0.000303,-9.0,4.0,14.0,-72.0,12.0
4,36,0.00025,0.000337,8.0,-6.0,-3.0,-70.0,14.0
4,37,0.000193,0.000296,14.0,-7.0,14.0,-68.0,15.0
4,38,0.000192,0.000238,3.0,-6.0,3.0,-74.0,12.0
4,39,0.000169,0.000214,8.0,-12.0,-6.0,-75.0,13.0
4,40,0.000207,0.000313,-3.0,-9.0,0.0,-72.0,15.0
4,41,0.000179,0.000197,9.0,1.0,5.0,-81.0,11.0
5,0,0.000181,0.000384,2.0,-5.0,-5.0,-95.0,21.0
5,1,0.104736,0.203735,-2.0,-1.0,-7.0,-95.0,19.0
5,2,0.173584,0.335938,0.0,-3.0,-8.0,-94.0,19.0
5,3,0.108765,0.234741,3.0,-2.0,-22.0,-91.0,22.0
5,4,0.084351,0.207764,1.0,-1.0,-11.0,-92.0,25.0
5,5,0.032135,0.066772,3.0,-3.0,-8.0,-89.0,21.0
5,6,0.033417,0.087219,6.0,-5.0,-11.0,-91.0,26.0
5,7,0.022308,0.055481,0.0,0.0,-16.0,-91.0,25.0
5,8,0.019577,0.040375,6.0,-4.0,-11.0,-94.0,21.0
5,9,0.012024,0.027603,4.0,-1.0,-17.0,-93.0,23.0
5,10,0.016922,0.040833,2.0,-1.0,-5.0,-93.0,24.0
5,11,0.01268,0.029831,-1.0,0.0,-12.0,-95.0,24.0
5,12,0.008865,0.019379,0.0,-1.0,-8.0,-94.0,22.0
5,13,0.009476,0.017319,-2.0,0.0,-3.0,-94.0,18.0
5,14,0.008408,0.01857,4.0,-4.0,-16.0,-93.0,22.0
5,15,0.010185,0.023819,2.0,-5.0,-16.0,-93.0,23.0
5,16,0.004555,0.01017,3.0,-4.0,-15.0,-87.0,22.0
5,17,0.004795,0.010727,-3.0,0.0,-17.0,-91.0,22.0
5,18,0.004505,0.01033,0.0,-3.0,-12.0,-94.0,23.0
5,19,0.004242,0.00898,1.0,-2.0,-13.0,-93.0,21.0
5,20,0.004482,0.010414,3.0,-2.0,-20.0,-94.0,23.0
5,21,0.004261,0.007542,-2.0,0.0,-3.0,-95.0,18.0
5,22,0.002157,0.00386,-6.0,2.0,-10.0,-91.0,18.0
5,23,0.002607,0.005356,4.0,-6.0,-8.0,-93.0,21.0
5,24,0.002012,0.004173,6.0,-4.0,-11.0,-91.0,21.0
5,25,0.002182,0.005768,9.0,-6.0,-15.0,-90.0,26.0
5,26,0.001953,0.004189,-3.0,-3.0,-16.0,-91.0,21.0
5,27,0.001882,0.00374,-3.0,1.0,1.0,-94.0,20.0
5,28,0.001765,0.003517,-1.0,-1.0,0.0,-94.0,20.0
5,29,0.001884,0.003641,-1.0,0.0,-4.0,-96.0,19.0
5,30,0.001414,0.003597,-2.0,-1.0,-4.0,-94.0,25.0
5,31,0.000757,0.001926,1.0,1.0,-10.0,-88.0,25.0
5,32,0.00086,0.002096,-2.0,4.0,-6.0,-92.0,24.0
5,33,0.000883,0.00189,-2.0,2.0,-11.0,-89.0,21.0
5,34,0.00087,0.001852,1.0,-2.0,-14.0,-90.0,21.0
5,35,0.000866,0.001776,2.0,-2.0,-1.0,-93.0,21.0
5,36,0.000724,0.00164,-2.0,0.0,-8.0,-87.0,23.0
5,37,0.000469,0.001242,-1.0,0.0,-12.0,-84.0,26.0
5,38,0.000544,0.00141,-4.0,1.0,-16.0,-88.0,26.0
5,39,0.000705,0.001429,3.0,-3.0,-8.0,-91.0,20.0
5,40,0.000456,0.000963,2.0,-9.0,-3.0,-87.0,21.0
5,41,0.000458,0.001053,0.0,-1.0,-4.0,-89.0,23.0
7,0,8e-05,0.000156,-10.0,-5.0,48.0,-9.0,19.0
7,1,0.049957,0.153931,-26.0,-4.0,56.0,-18.0,31.0
7,2,0.070984,0.2771,-5.0,-11.0,45.0,-6.0,39.0
7,3,0.046539,0.149536,-1.0,-2.0,59.0,-9.0,32.0
7,4,0.027771,0.147461,-10.0,2.0,33.0,-27.0,53.0
7,5,0.017578,0.074463,8.0,3.0,40.0,-23.0,42.0
7,6,0.014915,0.050903,9.0,1.0,62.0,-16.0,34.0
7,7,0.011147,0.050659,-2.0,4.0,56.0,-20.0,45.0
7,8,0.011307,0.023529,-2.0,5.0,70.0,-16.0,21.0
7,9,0.007759,0.028168,-1.0,-2.0,55.0,-6.0,36.0
7,10,0.008621,0.02713,0.0,-3.0,63.0,5.0,31.0
7,11,0.005798,0.018768,11.0,3.0,61.0,-7.0,32.0
7,12,0.00452,0.011337,2.0,2.0,67.0,8.0,25.0
7,13,0.004601,0.010704,-1.0,2.0,78.0,-10.0,23.0
7,14,0.004051,0.008354,-7.0,-3.0,60.0,6.0,21.0
7,15,0.002417,0.006912,9.0,2.0,57.0,-10.0,29.0
7,16,0.002306,0.003418,-10.0,4.0,49.0,-29.0,15.0
7,17,0.002117,0.007187,-2.0,-10.0,54.0,-8.0,34.0
7,18,0.002405,0.005611,7.0,-4.0,67.0,-15.0,23.0
7,19,0.001713,0.003098,12.0,-6.0,58.0,-5.0,18.0
7,20,0.001963,0.003311,8.0,0.0,66.0,-16.0,17.0
7,21,0.001192,0.003756,1.0,10.0,42.0,-15.0,32.0
7,22,0.001728,0.002838,-3.0,0.0,58.0,-25.0,16.0
7,23,0.001191,0.002743,10.0,-2.0,44.0,-7.0,23.0
7,24,0.00106,0.001378,-11.0,7.0,53.0,-23.0,13.0
7,25,0.000939,0.001557,3.0,8.0,43.0,-34.0,17.0
7,26,0.000861,0.001319,7.0,-8.0,62.0,-29.0,15.0
7,27,0.000844,0.00214,6.0,-8.0,58.0,0.0,25.0
7,28,0.000505,0.00094,2.0,-9.0,52.0,-12.0,19.0
7,29,0.000495,0.000926,10.0,4.0,49.0,-16.0,19.0
7,30,0.000516,0.001121,7.0,3.0,47.0,-26.0,22.0
7,31,0.000455,0.001174,10.0,-6.0,45.0,-7.0,26.0
7,32,0.000558,0.00086,-12.0,-5.0,60.0,1.0,15.0
7,33,0.000323,0.000491,16.0,-11.0,43.0,-21.0,15.0
7,34,0.000298,0.000507,-4.0,-13.0,32.0,-13.0,17.0
7,35,0.000274,0.000582,24.0,-7.0,40.0,-2.0,21.0
7,36,0.00035,0.000903,2.0,-1.0,61.0,-11.0,26.0
7,37,0.000258,0.000546,2.0,-6.0,42.0,-26.0,21.0
7,38,0.000287,0.000804,7.0,4.0,33.0,-19.0,28.0
7,39,0.000312,0.000587,6.0,15.0,58.0,-5.0,19.0
7,40,0.000276,0.000439,-26.0,8.0,59.0,-12.0,16.0
7,41,0.000227,0.000331,-1.0,-4.0,47.0,-2.0,15.0
8,0,9.6e-05,0.000181,14.0,2.0,63.0,-10.0,19.0
8,1,0.080017,0.144165,15.0,13.0,63.0,-8.0,18.0
8,2,0.12854,0.211792,-16.0,7.0,58.0,-17.0,16.0
8,3,0.066711,0.135132,6.0,-18.0,58.0,-2.0,20.0
8,4,0.036377,0.063232,15.0,3.0,72.0,-4.0,17.0
8,5,0.043304,0.066284,-6.0,-5.0,85.0,-7.0,15.0
8,6,0.024277,0.050293,7.0,-5.0,66.0,21.0,21.0
8,7,0.021194,0.041443,20.0,-5.0,81.0,12.0,20.0
8,8,0.017044,0.051331,8.0,2.0,72.0,15.0,30.0
8,9,0.01339,0.040009,10.0,0.0,73.0,10.0,30.0
8,10,0.015991,0.024765,7.0,6.0,79.0,-16.0,15.0
8,11,0.00885,0.013847,-9.0,3.0,76.0,-7.0,16.0
8,12,0.011345,0.017838,21.0,2.0,86.0,3.0,16.0
8,13,0.006401,0.012878,-2.0,5.0,78.0,-8.0,20.0
8,14,0.003616,0.005875,23.0,-3.0,74.0,-34.0,16.0
8,15,0.004162,0.00518,-6.0,11.0,70.0,-14.0,12.0
8,16,0.003906,0.006359,-6.0,0.0,75.0,-19.0,16.0
8,17,0.003073,0.004963,-2.0,1.0,69.0,-12.0,16.0
8,18,0.002731,0.004417,8.0,4.0,75.0,-27.0,16.0
8,19,0.0033,0.005131,0.0,-1.0,84.0,-9.0,16.0
8,20,0.002525,0.004124,15.0,3.0,81.0,7.0,16.0
8,21,0.002333,0.003227,-16.0,10.0,77.0,-27.0,14.0
8,22,0.001993,0.003735,-12.0,-2.0,66.0,-6.0,19.0
8,23,0.001822,0.002548,12.0,1.0,69.0,-19.0,14.0
8,24,0.001497,0.003592,-14.0,8.0,72.0,5.0,24.0
8,25,0.001243,0.002747,0.0,-1.0,69.0,-16.0,22.0
8,26,0.001351,0.002512,-20.0,5.0,75.0,-15.0,19.0
8,27,0.001023,0.001348,2.0,-2.0,69.0,-21.0,13.0
8,28,0.001212,0.001443,-4.0,8.0,68.0,-33.0,12.0
8,29,0.000897,0.001215,-15.0,9.0,50.0,-41.0,14.0
8,30,0.000741,0.001874,24.0,-14.0,53.0,-14.0,25.0
8,31,0.000652,0.001532,-5.0,3.0,61.0,-3.0,23.0
8,32,0.000718,0.001239,-7.0,2.0,51.0,-27.0,17.0
8,33,0.000528,0.001142,-9.0,0.0,49.0,-32.0,22.0
8,34,0.000774,0.001183,7.0,2.0,69.0,-25.0,15.0
8,35,0.000372,0.000733,16.0,-14.0,44.0,-48.0,20.0
8,36,0.000598,0.000782,-6.0,-6.0,54.0,-46.0,13.0
8,37,0.000546,0.00069,-10.0,0.0,61.0,-38.0,13.0
8,38,0.000374,0.000621,1.0,1.0,50.0,-37.0,17.0
8,39,0.000453,0.000688,-1.0,4.0,64.0,-11.0,15.0
8,40,0.000474,0.000712,2.0,0.0,67.0,-12.0,15.0
8,41,0.000278,0.000479,-8.0,3.0,52.0,-42.0,17.0
12,0,1.2e-05,2.5e-05,16.0,-13.0,-33.0,5.0,21.0
12,1,0.007519,0.01918,34.0,5.0,6.0,-1.0,26.0
12,2,0.011047,0.024353,19.0,-6.0,-26.0,-3.0,22.0
12,3,0.007446,0.018982,1.0,3.0,-45.0,-25.0,25.0
12,4,0.002922,0.006386,6.0,0.0,-33.0,-14.0,22.0
12,5,0.003002,0.006878,-12.0,5.0,-42.0,-6.0,23.0
12,6,0.001936,0.005383,3.0,13.0,-38.0,7.0,28.0
12,7,0.001487,0.003885,1.0,6.0,-36.0,-11.0,26.0
12,8,0.000821,0.002934,-23.0,8.0,-32.0,1.0,36.0
12,9,0.00084,0.002691,12.0,11.0,-36.0,0.0,32.0
12,10,0.000853,0.003008,-5.0,-8.0,-41.0,4.0,35.0
12,11,0.000596,0.002523,-13.0,10.0,-33.0,-24.0,42.0
12,12,0.000473,0.001534,-13.0,-12.0,-36.0,-18.0,32.0
12,13,0.000566,0.001438,3.0,-13.0,-45.0,6.0,25.0
12,14,0.000365,0.001162,-5.0,6.0,-25.0,0.0,32.0
12,15,0.000295,0.001189,-3.0,-15.0,-48.0,0.0,40.0
12,16,0.000218,0.000911,5.0,4.0,-43.0,-12.0,42.0
12,17,0.000276,0.000861,-2.0,-2.0,-54.0,-29.0,31.0
12,18,0.000249,0.000613,6.0,-21.0,-37.0,13.0,25.0
12,19,0.000221,0.000751,21.0,-9.0,-37.0,2.0,34.0
12,20,0.000142,0.000733,4.0,9.0,-38.0,13.0,52.0
12,21,0.000153,0.00056,5.0,12.0,-48.0,-27.0,37.0
12,22,0.000156,0.000465,5.0,0.0,-32.0,19.0,30.0
12,23,0.00013,0.000494,5.0,14.0,-52.0,20.0,38.0
12,24,0.000116,0.000395,4.0,-5.0,-22.0,7.0,34.0
12,25,7.5e-05,0.0004,-3.0,-1.0,-22.0,-1.0,53.0
12,26,0.000107,0.000359,3.0,-4.0,-45.0,12.0,33.0
12,27,0.000102,0.000265,4.0,10.0,-25.0,27.0,26.0
12,28,7.5e-05,0.000214,-2.0,-8.0,-42.0,-2.0,29.0
12,29,6.5e-05,0.000222,5.0,-16.0,-35.0,-5.0,34.0
12,30,9e-05,0.000241,-3.0,-11.0,-50.0,9.0,27.0
12,31,7e-05,0.000156,-1.0,4.0,-47.0,6.0,22.0
12,32,7.9e-05,0.000156,11.0,24.0,-55.0,16.0,20.0
12,33,9.4e-05,0.000128,-9.0,-3.0,-10.0,22.0,14.0
12,34,7.7e-05,0.000112,15.0,13.0,-35.0,7.0,14.0
12,35,5.5e-05,0.000136,-1.0,0.0,-36.0,10.0,25.0
12,36,4.9e-05,0.00015,10.0,-17.0,-41.0,-1.0,30.0
12,37,5.1e-05,0.000137,16.0,10.0,-41.0,26.0,27.0
12,38,5.5e-05,0.000157,-4.0,-2.0,-36.0,1.0,29.0
12,39,5.1e-05,9.7e-05,21.0,-9.0,-27.0,5.0,19.0
12,40,4.3e-05,7.2e-05,-4.0,8.0,-50.0,13.0,17.0
12,41,4.1e-05,8.1e-05,-10.0,18.0,-29.0,-6.0,20.0
13,0,1.3e-05,1.9e-05,-11.0,17.0,-42.0,-28.0,15.0
13,1,0.00547,0.011749,-2.0,-27.0,-3.0,-8.0,21.0
13,2,0.008568,0.022308,1.0,-17.0,-26.0,-5.0,26.0
13,3,0.005993,0.009476,1.0,11.0,-18.0,-9.0,16.0
13,4,0.003798,0.006744,7.0,3.0,-42.0,-6.0,18.0
13,5,0.002577,0.004234,7.0,-6.0,-35.0,-13.0,16.0
13,6,0.002331,0.004112,7.0,12.0,-7.0,-9.0,18.0
13,7,0.001234,0.003365,-4.0,12.0,-42.0,2.0,27.0
13,8,0.00127,0.00165,-10.0,9.0,-21.0,-14.0,13.0
13,9,0.000835,0.001657,3.0,8.0,-16.0,1.0,20.0
13,10,0.000631,0.001554,7.0,-2.0,-27.0,2.0,25.0
13,11,0.000545,0.001608,-9.0,-28.0,-33.0,0.0,30.0
13,12,0.000492,0.00211,4.0,-13.0,-48.0,-19.0,43.0
13,13,0.000341,0.00136,17.0,-12.0,-33.0,-11.0,40.0
13,14,0.000316,0.001205,-6.0,9.0,-25.0,-44.0,38.0
13,15,0.000281,0.000743,0.0,1.0,-35.0,-15.0,26.0
13,16,0.000251,0.00043,1.0,5.0,-44.0,-10.0,17.0
13,17,0.000268,0.00062,12.0,3.0,-32.0,-6.0,23.0
13,18,0.000278,0.000627,8.0,2.0,-29.0,-9.0,23.0
13,19,0.000268,0.000845,6.0,-5.0,-41.0,-39.0,32.0
13,20,0.00021,0.00053,16.0,-18.0,-40.0,-15.0,25.0
13,21,0.000169,0.000413,11.0,8.0,-22.0,-5.0,24.0
13,22,0.000155,0.000399,13.0,0.0,-28.0,-15.0,26.0
13,23,0.00018,0.000404,-4.0,-5.0,-45.0,-20.0,22.0
13,24,0.000117,0.000338,3.0,4.0,-48.0,-24.0,29.0
13,25,0.000138,0.000262,6.0,10.0,-46.0,-7.0,19.0
13,26,0.000114,0.000311,-1.0,-10.0,-33.0,-22.0,27.0
13,27,0.000103,0.000283,-3.0,0.0,-58.0,15.0,28.0
13,28,0.000106,0.000283,-8.0,-1.0,-34.0,-24.0,27.0
13,29,8.7e-05,0.000245,4.0,-8.0,-12.0,-32.0,28.0
13,30,0.000112,0.000191,-9.0,-3.0,-36.0,-35.0,17.0
13,31,9.2e-05,0.000137,9.0,-17.0,-40.0,-24.0,15.0
13,32,6.7e-05,0.0001,5.0,-4.0,-32.0,-12.0,15.0
13,33,7.9e-05,9.8e-05,-2.0,4.0,-32.0,-13.0,12.0
13,34,9.7e-05,0.000119,9.0,4.0,-30.0,-22.0,12.0
13,35,5.6e-05,0.000126,-2.0,-4.0,-44.0,-25.0,22.0
13,36,6.2e-05,0.000156,-9.0,7.0,-63.0,-4.0,25.0
13,37,5.6e-05,8.6e-05,10.0,-17.0,-29.0,-33.0,15.0
13,38,5.5e-05,7.6e-05,-2.0,9.0,-5.0,3.0,14.0
13,39,5.2e-05,0.000107,2.0,1.0,-46.0,-8.0,21.0
13,40,4.7e-05,0.000114,-6.0,8.0,-33.0,-16.0,24.0
13,41,5.1e-05,8.4e-05,-2.0,1.0,-18.0,-6.0,16.0
16,0,6e-06,2.6e-05,-2.0,18.0,22.0,-4.0,45.0
16,1,0.004311,0.015007,-13.0,9.0,-21.0,-9.0,35.0
16,2,0.007019,0.02037,-8.0,-4.0,-16.0,-13.0,29.0
16,3,0.003479,0.015228,1.0,-15.0,-22.0,-5.0,44.0
16,4,0.001868,0.00692,-5.0,0.0,12.0,-24.0,37.0
16,5,0.001325,0.00647,3.0,-13.0,-30.0,-1.0,49.0
16,6,0.001261,0.005314,2.0,-5.0,2.0,0.0,42.0
16,7,0.000814,0.002481,-11.0,8.0,11.0,-20.0,30.0
16,8,0.000495,0.002178,-1.0,-8.0,-19.0,-15.0,44.0
16,9,0.000402,0.002285,2.0,-6.0,15.0,2.0,57.0
16,10,0.000376,0.001329,2.0,8.0,18.0,-1.0,35.0
16,11,0.000285,0.001076,1.0,1.0,-6.0,-3.0,38.0
16,12,0.000328,0.001446,0.0,8.0,-23.0,-17.0,44.0
16,13,0.000245,0.001459,-20.0,7.0,12.0,-14.0,60.0
16,14,0.000209,0.000913,-11.0,1.0,-1.0,-5.0,44.0
16,15,0.000167,0.000596,0.0,3.0,-24.0,12.0,36.0
16,16,0.000153,0.000555,2.0,0.0,15.0,-5.0,36.0
16,17,0.000115,0.000539,5.0,-7.0,22.0,-5.0,47.0
16,18,0.00014,0.000555,13.0,-15.0,-8.0,26.0,40.0
16,19,0.000119,0.000716,5.0,-13.0,-5.0,8.0,60.0
16,20,9.1e-05,0.000745,4.0,5.0,3.0,5.0,82.0
16,21,6.8e-05,0.00027,10.0,-8.0,6.0,-7.0,39.0
16,22,9.2e-05,0.000265,-2.0,9.0,-10.0,-17.0,29.0
16,23,6.1e-05,0.00029,-9.0,12.0,-15.0,-12.0,48.0
16,24,4.9e-05,0.000275,16.0,3.0,10.0,-6.0,57.0
16,25,5.4e-05,0.000383,6.0,-4.0,-15.0,18.0,71.0
16,26,7.2e-05,0.000316,9.0,-16.0,16.0,-27.0,44.0
16,27,4.7e-05,0.000307,2.0,-2.0,10.0,-2.0,66.0
16,28,5.6e-05,0.000196,-5.0,2.0,19.0,-22.0,35.0
16,29,5.3e-05,0.000183,5.0,4.0,-5.0,-10.0,34.0
16,30,4e-05,0.000125,-4.0,-8.0,23.0,-13.0,31.0
16,31,3.6e-05,0.000182,26.0,8.0,28.0,9.0,50.0
16,32,4.5e-05,0.00015,3.0,-6.0,8.0,-30.0,34.0
16,33,4.7e-05,0.000174,-1.0,5.0,3.0,-8.0,37.0
16,34,2.9e-05,0.000141,-9.0,-11.0,7.0,-8.0,48.0
16,35,3.8e-05,0.000166,13.0,-11.0,10.0,10.0,43.0
16,36,3.9e-05,0.000121,10.0,3.0,9.0,-6.0,31.0
16,37,3e-05,0.000144,-6.0,7.0,11.0,11.0,48.0
16,38,3.7e-05,0.000117,8.0,-6.0,-7.0,6.0,32.0
16,39,2.7e-05,0.00011,-8.0,-7.0,1.0,18.0,41.0
16,40,3e-05,0.000109,-13.0,-10.0,-6.0,-21.0,37.0
16,41,2.8e-05,0.000121,-3.0,8.0,-8.0,3.0,42.0
17,0,6e-06,2.2e-05,3.0,-2.0,-19.0,-11.0,37.0
17,1,0.0042,0.013992,-22.0,0.0,-14.0,17.0,33.0
17,2,0.005966,0.012489,-3.0,-5.0,-6.0,-26.0,21.0
17,3,0.002617,0.005695,-1.0,-19.0,-11.0,-1.0,22.0
17,4,0.002035,0.006447,-15.0,-12.0,-40.0,25.0,32.0
17,5,0.001279,0.004986,12.0,6.0,-30.0,-12.0,39.0
17,6,0.000957,0.003307,-10.0,5.0,-25.0,-12.0,35.0
17,7,0.00063,0.003092,-15.0,7.0,3.0,-12.0,49.0
17,8,0.000541,0.001383,-2.0,9.0,-10.0,-35.0,26.0
17,9,0.000526,0.001442,4.0,9.0,-16.0,-4.0,27.0
17,10,0.000443,0.001088,10.0,4.0,-18.0,6.0,25.0
17,11,0.00038,0.001019,6.0,-14.0,-45.0,-19.0,27.0
17,12,0.000301,0.000753,6.0,0.0,-3.0,9.0,25.0
17,13,0.000241,0.000818,5.0,19.0,-4.0,-26.0,34.0
17,14,0.000172,0.000607,-2.0,13.0,-10.0,-2.0,35.0
17,15,0.000209,0.000695,3.0,-9.0,-38.0,8.0,33.0
17,16,0.000136,0.000576,1.0,7.0,-33.0,8.0,42.0
17,17,0.000117,0.000324,6.0,6.0,-9.0,-19.0,28.0
17,18,0.000139,0.000305,-14.0,1.0,-24.0,-38.0,22.0
17,19,0.000125,0.000454,-9.0,-4.0,-28.0,-6.0,36.0
17,20,8.7e-05,0.000214,17.0,-15.0,-11.0,-8.0,24.0
17,21,9e-05,0.000325,15.0,-1.0,-31.0,13.0,36.0
17,22,0.000108,0.000244,4.0,-2.0,-9.0,-39.0,23.0
17,23,8.1e-05,0.000144,2.0,8.0,-32.0,27.0,18.0
17,24,8.1e-05,0.000198,25.0,-16.0,-33.0,5.0,24.0
17,25,6.8e-05,0.00022,-3.0,9.0,-5.0,-20.0,32.0
17,26,7.7e-05,0.000196,8.0,18.0,-28.0,2.0,25.0
17,27,5.9e-05,0.000156,8.0,13.0,-30.0,4.0,27.0
17,28,5.5e-05,0.000167,6.0,20.0,-27.0,-9.0,30.0
17,29,4.7e-05,0.000117,13.0,7.0,-17.0,10.0,25.0
17,30,6e-05,0.000107,-5.0,-28.0,-19.0,2.0,18.0
17,31,4.5e-05,9.2e-05,9.0,-25.0,-15.0,14.0,21.0
17,32,3.7e-05,0.00012,10.0,-4.0,-16.0,2.0,33.0
17,33,3.9e-05,0.000121,-12.0,-4.0,-17.0,31.0,31.0
17,34,3.8e-05,0.000107,-1.0,6.0,4.0,-22.0,28.0
17,35,3.7e-05,7.4e-05,-8.0,-3.0,-28.0,21.0,20.0
17,36,3.4e-05,9.2e-05,-8.0,2.0,-43.0,5.0,27.0
17,37,3.1e-05,6.9e-05,7.0,-2.0,-18.0,11.0,22.0
17,38,3.3e-05,7e-05,5.0,-11.0,-24.0,-2.0,21.0
17,39,2.4e-05,5.4e-05,-4.0,-4.0,-4.0,-4.0,22.0
17,40,2.4e-05,6.4e-05,-1.0,4.0,-14.0,38.0,27.0
17,41,2.9e-05,6.2e-05,-12.0,-20.0,-16.0,15.0,21.0
18,0,5e-06,1.6e-05,6.0,-5.0,18.0,4.0,31.0
18,1,0.002777,0.011772,-8.0,7.0,7.0,11.0,42.0
18,2,0.007225,0.013283,-13.0,17.0,37.0,-4.0,18.0
18,3,0.003365,0.010612,-10.0,-10.0,3.0,-4.0,32.0
18,4,0.001943,0.005398,-2.0,8.0,35.0,-8.0,28.0
18,5,0.001353,0.003178,0.0,-12.0,-2.0,-23.0,23.0
18,6,0.001148,0.002445,2.0,-5.0,20.0,2.0,21.0
18,7,0.000763,0.001826,4.0,7.0,24.0,6.0,24.0
18,8,0.000626,0.00125,1.0,-7.0,36.0,-15.0,20.0
18,9,0.000446,0.00106,7.0,1.0,11.0,9.0,24.0
18,10,0.000254,0.001354,5.0,28.0,7.0,-27.0,53.0
18,11,0.000252,0.000955,-4.0,6.0,-7.0,-12.0,38.0
18,12,0.00021,0.001368,13.0,-14.0,27.0,-8.0,65.0
18,13,0.000211,0.000611,8.0,-3.0,6.0,-8.0,29.0
18,14,0.000198,0.000408,0.0,0.0,-1.0,4.0,21.0
18,15,0.000123,0.000464,1.0,5.0,-7.0,14.0,38.0
18,16,0.000103,0.00044,-7.0,9.0,-12.0,6.0,43.0
18,17,0.000118,0.000374,0.0,-9.0,7.0,4.0,32.0
18,18,0.000116,0.00047,9.0,-15.0,11.0,-22.0,41.0
18,19,0.000129,0.000717,5.0,19.0,16.0,2.0,56.0
18,20,6.1e-05,0.000255,25.0,9.0,16.0,19.0,42.0
18,21,8.4e-05,0.00016,4.0,-11.0,-12.0,-9.0,19.0
18,22,8.1e-05,0.000385,15.0,-11.0,-15.0,-40.0,47.0
18,23,4.6e-05,0.000219,-10.0,-9.0,18.0,-5.0,47.0
18,24,5.2e-05,0.000154,9.0,0.0,24.0,-3.0,30.0
18,25,4.8e-05,0.000202,-6.0,4.0,10.0,12.0,42.0
18,26,5e-05,0.000196,7.0,-6.0,16.0,-8.0,39.0
18,27,4.6e-05,0.000141,17.0,2.0,1.0,16.0,30.0
18,28,4.4e-05,0.000143,13.0,-17.0,-16.0,-15.0,33.0
18,29,4e-05,0.000106,-5.0,-17.0,-8.0,24.0,26.0
18,30,4.2e-05,0.000158,-1.0,-8.0,4.0,-28.0,37.0
18,31,3.7e-05,0.000127,-10.0,4.0,-3.0,-19.0,35.0
18,32,4.5e-05,6.8e-05,15.0,-9.0,11.0,-26.0,15.0
18,33,2.9e-05,9.5e-05,-7.0,-5.0,1.0,6.0,33.0
18,34,2.5e-05,8.3e-05,8.0,-1.0,15.0,-4.0,33.0
18,35,3e-05,9.6e-05,6.0,26.0,13.0,9.0,32.0
18,36,1.9e-05,8.4e-05,-6.0,-5.0,9.0,3.0,45.0
18,37,2.5e-05,6.2e-05,-3.0,-10.0,10.0,12.0,25.0
18,38,2.8e-05,5.5e-05,3.0,30.0,12.0,7.0,20.0
18,39,2.6e-05,7.3e-05,1.0,14.0,10.0,16.0,28.0
18,40,2.3e-05,7e-05,10.0,0.0,0.0,31.0,30.0
18,41,2.1e-05,7e-05,0.0,-6.0,-14.0,-15.0,33.0
19,0,1e-05,1.4e-05,2.0,11.0,-16.0,-6.0,13.0
19,1,0.006153,0.005405,21.0,6.0,-15.0,11.0,9.0
19,2,0.009384,0.008759,6.0,8.0,-4.0,-4.0,9.0
19,3,0.004257,0.01255,0.0,1.0,-2.0,10.0,29.0
19,4,0.003235,0.006626,-22.0,-3.0,3.0,-3.0,20.0
19,5,0.002108,0.003925,9.0,0.0,-3.0,-10.0,19.0
19,6,0.001383,0.00243,-9.0,-2.0,-34.0,-8.0,18.0
19,7,0.000696,0.001806,-13.0,6.0,-25.0,-15.0,26.0
19,8,0.000691,0.001143,-3.0,2.0,-37.0,6.0,17.0
19,9,0.000504,0.001025,1.0,-17.0,-11.0,-5.0,20.0
19,10,0.00038,0.001067,8.0,-11.0,-10.0,5.0,28.0
19,11,0.000435,0.00069,-6.0,18.0,-6.0,3.0,16.0
19,12,0.000373,0.000769,-10.0,-10.0,-14.0,5.0,21.0
19,13,0.000354,0.000784,-5.0,-1.0,-44.0,14.0,22.0
19,14,0.000194,0.000668,-16.0,-2.0,0.0,25.0,34.0
19,15,0.000167,0.000506,20.0,3.0,-21.0,21.0,30.0
19,16,0.000181,0.00047,13.0,2.0,-33.0,12.0,26.0
19,17,0.000137,0.000452,3.0,1.0,-34.0,-4.0,33.0
19,18,0.000131,0.000309,11.0,-3.0,-21.0,6.0,24.0
19,19,0.000136,0.000389,5.0,-7.0,-21.0,-7.0,29.0
19,20,0.000117,0.000295,4.0,-15.0,-44.0,25.0,25.0
19,21,9.4e-05,0.000159,6.0,-6.0,-28.0,10.0,17.0
19,22,0.000106,0.000239,-2.0,-8.0,-27.0,13.0,23.0
19,23,6.5e-05,0.000209,2.0,-5.0,-21.0,-32.0,32.0
19,24,8e-05,0.000193,1.0,2.0,-42.0,-5.0,24.0
19,25,4.8e-05,0.000187,10.0,2.0,-19.0,8.0,39.0
19,26,5.4e-05,0.000183,0.0,3.0,-23.0,27.0,34.0
19,27,7e-05,0.000136,-10.0,7.0,-36.0,24.0,19.0
19,28,7e-05,0.000171,-11.0,-1.0,-23.0,11.0,24.0
19,29,5.4e-05,0.000152,14.0,3.0,-39.0,10.0,28.0
19,30,4.6e-05,0.000116,6.0,-7.0,-24.0,-15.0,25.0
19,31,5e-05,0.000124,2.0,2.0,-38.0,5.0,25.0
19,32,4.1e-05,0.000106,16.0,-10.0,-16.0,9.0,26.0
19,33,4.3e-05,8.7e-05,-2.0,1.0,-35.0,-11.0,20.0
19,34,2.5e-05,9.7e-05,2.0,-3.0,-1.0,4.0,39.0
19,35,3e-05,7.5e-05,-4.0,27.0,-47.0,2.0,25.0
19,36,3.4e-05,8.1e-05,-13.0,0.0,-39.0,35.0,24.0
19,37,3.4e-05,8.9e-05,13.0,0.0,-29.0,40.0,26.0
19,38,2.7e-05,6.9e-05,4.0,3.0,-27.0,10.0,26.0
19,39,2.9e-05,0.000116,8.0,11.0,-20.0,9.0,41.0
19,40,3e-05,6.7e-05,0.0,9.0,-26.0,20.0,22.0
19,41,2.8e-05,5.8e-05,0.0,0.0,-58.0,21.0,20.0
21,0,6e-06,2e-05,7.0,-7.0,-37.0,5.0,32.0
21,1,0.005344,0.011726,9.0,6.0,-26.0,20.0,22.0
21,2,0.007095,0.017639,6.0,-2.0,-47.0,26.0,25.0
21,3,0.004311,0.01387,12.0,3.0,-17.0,13.0,32.0
21,4,0.002077,0.005104,5.0,0.0,-39.0,9.0,25.0
21,5,0.001428,0.003624,-3.0,-3.0,-31.0,11.0,25.0
21,6,0.000989,0.003523,-2.0,-17.0,-22.0,34.0,36.0
21,7,0.000872,0.002556,-1.0,-4.0,-16.0,15.0,29.0
21,8,0.000529,0.0013,8.0,8.0,-29.0,5.0,25.0
21,9,0.00055,0.001813,-7.0,10.0,-23.0,11.0,33.0
21,10,0.000461,0.001298,-4.0,-5.0,-17.0,5.0,28.0
21,11,0.000301,0.00122,-3.0,-1.0,-33.0,17.0,40.0
21,12,0.000272,0.000744,-3.0,-5.0,-44.0,21.0,27.0
21,13,0.000275,0.001184,-9.0,20.0,-41.0,18.0,43.0
21,14,0.000258,0.000978,-7.0,7.0,-36.0,16.0,38.0
21,15,0.000143,0.000533,8.0,7.0,-23.0,17.0,37.0
21,16,0.000158,0.000506,2.0,8.0,-12.0,-1.0,32.0
21,17,0.00012,0.000426,4.0,-10.0,-27.0,-12.0,36.0
21,18,0.000111,0.000347,-4.0,2.0,-46.0,8.0,31.0
21,19,0.000135,0.000326,-3.0,-12.0,-44.0,8.0,24.0
21,20,0.000111,0.000359,7.0,-5.0,-29.0,-2.0,32.0
21,21,0.000103,0.000278,11.0,-12.0,-28.0,-9.0,27.0
21,22,7.1e-05,0.000238,2.0,-10.0,-16.0,17.0,33.0
21,23,9.1e-05,0.000332,7.0,-11.0,-33.0,7.0,37.0
21,24,7.2e-05,0.000279,-22.0,0.0,-6.0,-2.0,39.0
21,25,7.9e-05,0.000306,6.0,-14.0,-20.0,-1.0,39.0
21,26,7.6e-05,0.000291,3.0,-1.0,-33.0,26.0,39.0
21,27,5.3e-05,0.000189,-1.0,11.0,-23.0,15.0,35.0
21,28,7.3e-05,0.00023,17.0,0.0,-26.0,2.0,32.0
21,29,7.1e-05,0.000168,3.0,-9.0,-11.0,-12.0,24.0
21,30,5.8e-05,0.000131,-3.0,-9.0,-41.0,15.0,22.0
21,31,5.4e-05,0.000178,6.0,-7.0,-46.0,0.0,33.0
21,32,5e-05,0.000126,6.0,-1.0,-49.0,14.0,25.0
21,33,4.3e-05,7.8e-05,8.0,-6.0,-17.0,-22.0,18.0
21,34,4.4e-05,0.000109,11.0,6.0,-35.0,-3.0,25.0
21,35,4.8e-05,0.00013,-21.0,5.0,-13.0,-18.0,27.0
21,36,2.9e-05,7.3e-05,-2.0,-7.0,-25.0,-9.0,25.0
21,37,2.7e-05,5.7e-05,1.0,-3.0,-29.0,11.0,21.0
21,38,2.6e-05,8.1e-05,6.0,11.0,-20.0,14.0,32.0
21,39,2.7e-05,6.3e-05,1.0,1.0,-30.0,-4.0,23.0
21,40,2.6e-05,0.000104,3.0,-1.0,-4.0,-13.0,39.0
21,41,2.6e-05,8.4e-05,10.0,-16.0,-17.0,-5.0,33.0
22,0,7e-06,1.4e-05,7.0,-9.0,-35.0,-7.0,20.0
22,1,0.003952,0.007294,-7.0,-5.0,-16.0,5.0,18.0
22,2,0.007828,0.009674,-6.0,9.0,4.0,3.0,12.0
22,3,0.004082,0.00988,11.0,-4.0,-27.0,-6.0,24.0
22,4,0.002193,0.004398,-1.0,-4.0,-25.0,-6.0,20.0
22,5,0.00176,0.003691,-11.0,-7.0,-17.0,-9.0,21.0
22,6,0.000952,0.002623,-13.0,-9.0,10.0,8.0,28.0
22,7,0.000717,0.001771,10.0,-12.0,-30.0,-2.0,25.0
22,8,0.000566,0.001963,4.0,3.0,-36.0,-34.0,35.0
22,9,0.000512,0.001191,-5.0,5.0,-9.0,-51.0,23.0
22,10,0.00054,0.001178,-15.0,5.0,-36.0,-8.0,22.0
22,11,0.000422,0.000763,-16.0,4.0,-17.0,0.0,18.0
22,12,0.000304,0.001122,-6.0,16.0,-4.0,-6.0,37.0
22,13,0.000329,0.001244,-7.0,5.0,13.0,-6.0,38.0
22,14,0.000232,0.000553,-8.0,-2.0,-15.0,-12.0,24.0
22,15,0.00015,0.00063,2.0,-2.0,-36.0,-2.0,42.0
22,16,0.000213,0.00053,-9.0,7.0,-12.0,-10.0,25.0
22,17,0.000197,0.000503,-3.0,15.0,-13.0,-5.0,26.0
22,18,0.000179,0.000281,16.0,-18.0,-21.0,-12.0,16.0
22,19,0.000125,0.000444,5.0,9.0,-6.0,-11.0,36.0
22,20,0.000126,0.000408,-9.0,7.0,-16.0,-32.0,32.0
22,21,0.000117,0.000293,-8.0,11.0,-1.0,-22.0,25.0
22,22,0.000106,0.000332,-1.0,5.0,12.0,2.0,31.0
22,23,8.9e-05,0.000233,1.0,-9.0,-24.0,-5.0,26.0
22,24,8.2e-05,0.000129,4.0,-17.0,-23.0,3.0,16.0
22,25,7.7e-05,0.000185,-3.0,8.0,-7.0,-26.0,24.0
22,26,6.9e-05,0.00021,3.0,-9.0,4.0,0.0,31.0
22,27,6.9e-05,0.000243,-4.0,-7.0,-41.0,-16.0,35.0
22,28,6e-05,0.000119,0.0,2.0,-15.0,16.0,20.0
22,29,6.3e-05,0.00017,17.0,-7.0,-22.0,1.0,27.0
22,30,5.1e-05,8.9e-05,-10.0,-6.0,-21.0,-31.0,18.0
22,31,3.8e-05,9.8e-05,10.0,-1.0,-2.0,-8.0,26.0
22,32,3.9e-05,0.000115,0.0,2.0,-16.0,-14.0,30.0
22,33,4.4e-05,0.000158,5.0,-8.0,-37.0,-17.0,36.0
22,34,4.1e-05,0.000144,11.0,-15.0,-46.0,-27.0,35.0
22,35,3.5e-05,9e-05,10.0,13.0,-30.0,5.0,26.0
22,36,4.8e-05,0.0001,-8.0,23.0,-3.0,-15.0,21.0
22,37,3.9e-05,9.3e-05,11.0,-10.0,-3.0,-25.0,24.0
22,38,3.4e-05,7.4e-05,-3.0,-5.0,-20.0,-34.0,22.0
22,39,2.6e-05,7e-05,-3.0,-3.0,-26.0,2.0,27.0
22,40,3.7e-05,5e-05,5.0,0.0,-24.0,-35.0,14.0
22,41,3.4e-05,4.6e-05,-9.0,-18.0,-11.0,-22.0,13.0
24,0,0.00011,0.000304,0.0,-11.0,38.0,-11.0,28.0
24,1,0.049622,0.231934,1.0,12.0,34.0,25.0,47.0
24,2,0.067017,0.277588,0.0,5.0,19.0,11.0,41.0
24,3,0.037689,0.112305,-5.0,4.0,15.0,3.0,30.0
24,4,0.016891,0.041473,12.0,5.0,14.0,5.0,25.0
24,5,0.010269,0.033112,12.0,13.0,19.0,-2.0,32.0
24,6,0.008415,0.024536,-11.0,-16.0,46.0,4.0,29.0
24,7,0.004959,0.012985,0.0,-6.0,-10.0,7.0,26.0
24,8,0.003199,0.010841,0.0,-4.0,40.0,-8.0,34.0
24,9,0.003595,0.015343,-10.0,-9.0,24.0,-3.0,43.0
24,10,0.004219,0.013588,-14.0,6.0,53.0,0.0,32.0
24,11,0.003283,0.008789,-7.0,4.0,19.0,-1.0,27.0
24,12,0.002546,0.007389,-13.0,-5.0,32.0,-1.0,29.0
24,13,0.001443,0.005367,-11.0,-2.0,19.0,-16.0,37.0
24,14,0.001579,0.005219,19.0,1.0,27.0,-19.0,33.0
24,15,0.001627,0.00441,14.0,-4.0,18.0,5.0,27.0
24,16,0.001206,0.003487,-7.0,-8.0,10.0,-21.0,29.0
24,17,0.001191,0.003662,-4.0,2.0,6.0,-8.0,31.0
24,18,0.001041,0.002895,3.0,-1.0,29.0,-3.0,28.0
24,19,0.000919,0.002945,-5.0,-19.0,40.0,9.0,32.0
24,20,0.000818,0.002571,-4.0,-7.0,26.0,-11.0,31.0
24,21,0.000709,0.001887,4.0,0.0,28.0,21.0,27.0
24,22,0.000618,0.001349,-7.0,-2.0,-6.0,5.0,22.0
24,23,0.000495,0.001538,2.0,17.0,5.0,-9.0,31.0
24,24,0.00043,0.000964,3.0,-8.0,-10.0,5.0,22.0
24,25,0.000477,0.001191,11.0,7.0,-9.0,12.0,25.0
24,26,0.00035,0.001274,-8.0,14.0,17.0,-10.0,36.0
24,27,0.000349,0.000735,-11.0,-1.0,17.0,10.0,21.0
24,28,0.000282,0.000628,3.0,-6.0,-29.0,-11.0,22.0
24,29,0.000279,0.000486,-9.0,3.0,-24.0,-2.0,17.0
24,30,0.000305,0.000639,-6.0,-8.0,-12.0,-7.0,21.0
24,31,0.000238,0.00067,2.0,9.0,-5.0,7.0,28.0
24,32,0.000268,0.000565,-3.0,-8.0,19.0,27.0,21.0
24,33,0.000202,0.000573,-7.0,-6.0,4.0,9.0,28.0
24,34,0.000189,0.000408,0.0,-13.0,-29.0,5.0,22.0
24,35,0.000205,0.000317,-3.0,-24.0,-14.0,23.0,15.0
24,36,0.000212,0.000421,-1.0,4.0,20.0,8.0,20.0
24,37,0.000162,0.00031,-10.0,-22.0,-22.0,4.0,19.0
24,38,0.000178,0.000347,-1.0,18.0,-7.0,7.0,19.0
24,39,0.000145,0.000384,10.0,3.0,-25.0,-10.0,27.0
24,40,0.000127,0.000319,9.0,3.0,-12.0,-18.0,25.0
24,41,0.000136,0.000227,-2.0,7.0,-3.0,-24.0,17.0
26,0,3.6e-05,0.000122,-14.0,1.0,46.0,8.0,34.0
26,1,0.015808,0.079651,-4.0,6.0,54.0,15.0,50.0
26,2,0.021271,0.12207,6.0,-4.0,46.0,-11.0,57.0
26,3,0.019073,0.052185,-8.0,-6.0,59.0,-10.0,27.0
26,4,0.010437,0.033295,-6.0,5.0,66.0,-12.0,32.0
26,5,0.006989,0.022614,-10.0,4.0,70.0,-13.0,32.0
26,6,0.003256,0.009827,-18.0,9.0,51.0,-22.0,30.0
26,7,0.002747,0.007866,27.0,-4.0,57.0,-7.0,29.0
26,8,0.001986,0.008194,19.0,-5.0,54.0,-14.0,41.0
26,9,0.001883,0.006733,-12.0,7.0,67.0,4.0,36.0
26,10,0.001411,0.005596,-5.0,9.0,50.0,-3.0,40.0
26,11,0.001294,0.004162,-30.0,4.0,55.0,0.0,32.0
26,12,0.000959,0.001849,-11.0,7.0,65.0,1.0,19.0
26,13,0.000808,0.003141,-5.0,-2.0,66.0,-28.0,39.0
26,14,0.000848,0.001733,-30.0,5.0,64.0,9.0,20.0
26,15,0.000686,0.002035,0.0,4.0,54.0,-24.0,30.0
26,16,0.000512,0.001642,2.0,-8.0,55.0,-22.0,32.0
26,17,0.000418,0.001406,0.0,-4.0,58.0,-3.0,34.0
26,18,0.000562,0.001378,1.0,-13.0,55.0,-7.0,25.0
26,19,0.000488,0.001501,2.0,1.0,62.0,-9.0,31.0
26,20,0.000421,0.001112,0.0,-1.0,69.0,-18.0,26.0
26,21,0.000294,0.000613,2.0,14.0,46.0,-17.0,21.0
26,22,0.000293,0.000596,-3.0,1.0,58.0,4.0,20.0
26,23,0.00033,0.000907,-8.0,2.0,61.0,-19.0,27.0
26,24,0.000246,0.000688,0.0,9.0,35.0,-10.0,28.0
26,25,0.000292,0.00049,-19.0,4.0,55.0,-3.0,17.0
26,26,0.000216,0.000712,-3.0,-17.0,44.0,4.0,33.0
26,27,0.000211,0.000546,-6.0,-3.0,68.0,1.0,26.0
26,28,0.000114,0.000434,-5.0,5.0,43.0,-6.0,38.0
26,29,0.000155,0.0005,15.0,8.0,41.0,8.0,32.0
26,30,0.00013,0.000334,3.0,0.0,49.0,-18.0,26.0
26,31,0.000121,0.000336,5.0,6.0,44.0,-21.0,28.0
26,32,0.000104,0.000324,-1.0,-7.0,53.0,13.0,31.0
26,33,0.000119,0.000377,-5.0,-12.0,45.0,0.0,32.0
26,34,0.000145,0.000292,22.0,-3.0,59.0,-17.0,20.0
26,35,9.9e-05,0.000262,7.0,-2.0,46.0,-28.0,27.0
26,36,0.000124,0.000274,-5.0,1.0,74.0,-11.0,22.0
26,37,9.9e-05,0.000261,26.0,-1.0,37.0,-33.0,26.0
26,38,9.2e-05,0.000195,-19.0,5.0,36.0,-30.0,21.0
26,39,9.8e-05,0.00024,-3.0,11.0,32.0,-1.0,24.0
26,40,7.3e-05,0.000177,-7.0,-9.0,55.0,-5.0,24.0
26,41,9.3e-05,0.000161,2.0,-3.0,41.0,-13.0,17.0
28,0,1.6e-05,4.4e-05,-12.0,11.0,-19.0,-22.0,27.0
28,1,0.005859,0.018158,-3.0,-4.0,15.0,-7.0,31.0
28,2,0.01017,0.029068,1.0,3.0,10.0,3.0,29.0
28,3,0.007057,0.009216,7.0,-3.0,-24.0,-5.0,13.0
28,4,0.003803,0.014435,2.0,-1.0,28.0,2.0,38.0
28,5,0.002367,0.004833,-1.0,-20.0,-22.0,-13.0,20.0
28,6,0.001691,0.004471,7.0,2.0,-12.0,-18.0,26.0
28,7,0.001368,0.002556,9.0,0.0,-4.0,-16.0,19.0
28,8,0.001103,0.001816,-1.0,14.0,-17.0,12.0,16.0
28,9,0.000802,0.002201,-5.0,-2.0,-12.0,2.0,27.0
28,10,0.000644,0.001807,-2.0,-3.0,-13.0,24.0,28.0
28,11,0.000517,0.002501,-8.0,-6.0,-10.0,9.0,48.0
28,12,0.000356,0.001341,-12.0,-11.0,2.0,12.0,38.0
28,13,0.000449,0.001239,-10.0,-7.0,-12.0,32.0,28.0
28,14,0.000458,0.00072,-4.0,19.0,-7.0,34.0,16.0
28,15,0.000322,0.001184,-1.0,-4.0,-11.0,23.0,37.0
28,16,0.000372,0.000603,8.0,19.0,-14.0,-11.0,16.0
28,17,0.000252,0.001236,1.0,-1.0,-15.0,28.0,49.0
28,18,0.000246,0.000669,20.0,-17.0,5.0,-5.0,27.0
28,19,0.00023,0.00074,21.0,-4.0,-2.0,-12.0,32.0
28,20,0.000151,0.000434,2.0,-9.0,-27.0,16.0,29.0
28,21,0.000181,0.000386,-15.0,4.0,8.0,-19.0,21.0
28,22,0.000158,0.000373,-7.0,11.0,-5.0,30.0,24.0
28,23,0.000167,0.000267,-5.0,2.0,-22.0,27.0,16.0
28,24,0.000144,0.000531,4.0,13.0,29.0,16.0,37.0
28,25,0.000125,0.000338,10.0,-11.0,11.0,11.0,27.0
28,26,0.000106,0.000184,-10.0,-11.0,-15.0,-15.0,17.0
28,27,7.8e-05,0.000245,4.0,2.0,-35.0,-12.0,31.0
28,28,8.7e-05,0.000181,-2.0,0.0,-13.0,-10.0,21.0
28,29,9.6e-05,0.000227,2.0,5.0,-8.0,47.0,24.0
28,30,9.7e-05,0.000126,-6.0,0.0,-21.0,16.0,13.0
28,31,9.5e-05,0.000226,-1.0,-9.0,-10.0,-3.0,24.0
28,32,6.7e-05,0.000178,-14.0,4.0,-32.0,17.0,26.0
28,33,6.2e-05,0.000218,-3.0,15.0,-12.0,14.0,35.0
28,34,7.2e-05,0.000127,-1.0,-3.0,-12.0,0.0,18.0
28,35,6.7e-05,0.00012,-5.0,-2.0,-17.0,28.0,18.0
28,36,5.1e-05,0.000112,-4.0,6.0,6.0,30.0,22.0
28,37,5.5e-05,0.000112,10.0,-5.0,-2.0,41.0,20.0
28,38,5e-05,0.000209,3.0,-5.0,-9.0,20.0,41.0
28,39,4.5e-05,9.1e-05,10.0,7.0,-9.0,13.0,20.0
28,40,5.7e-05,0.000125,-13.0,22.0,-7.0,5.0,22.0
28,41,4.4e-05,5e-05,-1.0,6.0,-21.0,14.0,11.0
29,0,8e-06,2.2e-05,-6.0,3.0,10.0,-6.0,29.0
29,1,0.004398,0.008324,-23.0,16.0,-23.0,-29.0,19.0
29,2,0.006226,0.017563,-3.0,15.0,-16.0,-13.0,28.0
29,3,0.003641,0.011108,-1.0,-11.0,-1.0,9.0,31.0
29,4,0.002216,0.005684,-13.0,6.0,15.0,-6.0,26.0
29,5,0.001517,0.003481,-8.0,-21.0,21.0,1.0,23.0
29,6,0.000991,0.003262,17.0,-16.0,0.0,-15.0,33.0
29,7,0.000925,0.001875,3.0,-3.0,16.0,-5.0,20.0
29,8,0.000592,0.001247,-10.0,-15.0,-1.0,-1.0,21.0
29,9,0.000493,0.001348,4.0,-5.0,7.0,-3.0,27.0
29,10,0.000469,0.001461,-17.0,2.0,11.0,2.0,31.0
29,11,0.00042,0.001297,2.0,-13.0,-12.0,-7.0,31.0
29,12,0.00033,0.000683,-6.0,8.0,-21.0,-8.0,21.0
29,13,0.00029,0.000787,-20.0,-2.0,-4.0,-15.0,27.0
29,14,0.000283,0.0009,6.0,-2.0,-15.0,7.0,32.0
29,15,0.000226,0.000604,15.0,19.0,8.0,-14.0,27.0
29,16,0.000228,0.000482,-5.0,4.0,-21.0,-41.0,21.0
29,17,0.000137,0.000525,8.0,-24.0,-9.0,-11.0,38.0
29,18,0.000136,0.000495,19.0,-9.0,-2.0,-11.0,36.0
29,19,0.000105,0.000374,-8.0,7.0,5.0,-6.0,36.0
29,20,0.000114,0.000272,-8.0,14.0,0.0,6.0,24.0
29,21,0.000107,0.000297,14.0,-8.0,15.0,-2.0,28.0
29,22,0.000157,0.000421,11.0,19.0,13.0,-21.0,27.0
29,23,8.5e-05,0.000236,-6.0,8.0,-6.0,-35.0,28.0
29,24,7.9e-05,0.000196,2.0,5.0,12.0,-25.0,25.0
29,25,9.6e-05,0.000156,5.0,-19.0,0.0,2.0,16.0
29,26,6e-05,0.000198,11.0,-9.0,9.0,21.0,33.0
29,27,5.6e-05,0.000173,-1.0,-7.0,-8.0,-5.0,31.0
29,28,7.7e-05,0.000131,9.0,-8.0,-6.0,-19.0,17.0
29,29,7e-05,0.000144,8.0,-6.0,9.0,15.0,21.0
29,30,4.6e-05,0.000121,-10.0,9.0,7.0,-5.0,26.0
29,31,6.5e-05,0.000174,-14.0,-11.0,-9.0,-8.0,27.0
29,32,4.8e-05,0.00013,1.0,-11.0,-22.0,-38.0,27.0
29,33,5.2e-05,0.000157,13.0,8.0,-9.0,-11.0,30.0
29,34,5e-05,8.3e-05,-6.0,15.0,-20.0,-36.0,17.0
29,35,4.9e-05,8.9e-05,-9.0,-1.0,-9.0,-10.0,18.0
29,36,4e-05,9e-05,0.0,-11.0,-21.0,-15.0,22.0
29,37,3.5e-05,8.1e-05,0.0,-3.0,6.0,-6.0,23.0
29,38,2.6e-05,9.6e-05,5.0,-2.0,-5.0,-15.0,38.0
29,39,3.4e-05,8.5e-05,9.0,-3.0,14.0,-5.0,25.0
29,40,2.7e-05,0.000113,6.0,-12.0,-7.0,-18.0,42.0
29,41,3.4e-05,6.7e-05,-13.0,17.0,5.0,-10.0,20.0
30,0,9e-06,3e-05,-11.0,3.0,-3.0,-27.0,34.0
30,1,0.004265,0.010849,1.0,-3.0,-37.0,-36.0,25.0
30,2,0.007454,0.019745,9.0,0.0,-12.0,-9.0,26.0
30,3,0.003998,0.008965,7.0,6.0,1.0,-13.0,22.0
30,4,0.002571,0.006245,0.0,3.0,-6.0,-38.0,24.0
30,5,0.002111,0.005661,-5.0,-10.0,3.0,-30.0,27.0
30,6,0.00116,0.003765,-9.0,7.0,-2.0,-45.0,32.0
30,7,0.00068,0.002737,-7.0,4.0,8.0,-39.0,40.0
30,8,0.000702,0.001817,19.0,-14.0,7.0,-45.0,26.0
30,9,0.00066,0.00114,9.0,-5.0,-8.0,-39.0,17.0
30,10,0.000442,0.00139,3.0,0.0,-1.0,-29.0,31.0
30,11,0.00034,0.001117,-20.0,29.0,-28.0,-24.0,33.0
30,12,0.000367,0.000959,-3.0,0.0,-10.0,-40.0,26.0
30,13,0.000223,0.000921,2.0,-17.0,31.0,-36.0,41.0
30,14,0.000206,0.000835,-3.0,1.0,-39.0,-34.0,41.0
30,15,0.000219,0.000759,16.0,-10.0,-30.0,1.0,35.0
30,16,0.000185,0.000489,6.0,17.0,-5.0,-42.0,26.0
30,17,0.000145,0.000521,3.0,19.0,8.0,-27.0,36.0
30,18,0.000118,0.000448,1.0,-10.0,4.0,-34.0,38.0
30,19,0.000103,0.000437,-11.0,16.0,10.0,-28.0,43.0
30,20,9e-05,0.000211,9.0,9.0,1.0,-30.0,23.0
30,21,7.8e-05,0.000278,0.0,1.0,-8.0,-33.0,36.0
30,22,0.000105,0.000342,3.0,-3.0,2.0,-34.0,32.0
30,23,0.00011,0.000224,-2.0,14.0,-14.0,-38.0,20.0
30,24,8.2e-05,0.000211,-2.0,3.0,-10.0,-41.0,26.0
30,25,8.3e-05,0.000273,5.0,0.0,20.0,-35.0,33.0
30,26,6.9e-05,0.000231,8.0,10.0,-16.0,-25.0,33.0
30,27,7.4e-05,0.0002,-6.0,8.0,-17.0,-33.0,27.0
30,28,7.8e-05,0.000126,2.0,4.0,12.0,-31.0,16.0
30,29,4.1e-05,0.000178,2.0,-16.0,3.0,-34.0,43.0
30,30,4.5e-05,0.000117,-1.0,2.0,-16.0,-34.0,26.0
30,31,4.5e-05,0.000183,2.0,-6.0,3.0,-16.0,41.0
30,32,5e-05,9.9e-05,0.0,-9.0,9.0,-42.0,20.0
30,33,4.7e-05,0.000124,0.0,4.0,1.0,-16.0,26.0
30,34,4.1e-05,7.4e-05,17.0,2.0,-16.0,-25.0,18.0
30,35,3.8e-05,9.5e-05,10.0,-12.0,-18.0,-16.0,25.0
30,36,3.5e-05,0.00019,3.0,-7.0,-6.0,-43.0,55.0
30,37,4.5e-05,9.9e-05,9.0,0.0,-9.0,-23.0,22.0
30,38,3.2e-05,9.5e-05,5.0,-10.0,0.0,-17.0,30.0
30,39,4.3e-05,0.000105,4.0,-10.0,2.0,-43.0,24.0
30,40,3.7e-05,0.000102,-21.0,9.0,-23.0,-47.0,28.0
30,41,2.8e-05,6.3e-05,0.0,-1.0,-2.0,-3.0,22.0
31,0,8e-06,3.5e-05,-16.0,-5.0,2.0,-3.0,42.0
31,1,0.004166,0.01236,8.0,7.0,-9.0,20.0,30.0
31,2,0.006432,0.024857,-6.0,-5.0,4.0,12.0,39.0
31,3,0.004631,0.02446,-5.0,12.0,-1.0,-6.0,53.0
31,4,0.002636,0.007446,-11.0,6.0,28.0,-4.0,28.0
31,5,0.001413,0.006863,0.0,3.0,18.0,-10.0,49.0
31,6,0.000847,0.004887,-9.0,-1.0,10.0,8.0,58.0
31,7,0.000724,0.002748,13.0,-4.0,4.0,18.0,38.0
31,8,0.000652,0.003843,6.0,-14.0,-5.0,-3.0,59.0
31,9,0.000551,0.002163,7.0,-12.0,1.0,-15.0,39.0
31,10,0.000386,0.001685,-18.0,0.0,10.0,7.0,44.0
31,11,0.000432,0.001346,0.0,-2.0,10.0,-25.0,31.0
31,12,0.000294,0.000689,-15.0,-1.0,21.0,17.0,23.0
31,13,0.000259,0.001002,19.0,7.0,1.0,15.0,39.0
31,14,0.000192,0.000892,12.0,-7.0,-1.0,-7.0,46.0
31,15,0.000214,0.000757,14.0,-9.0,48.0,-12.0,35.0
31,16,0.000168,0.000601,15.0,-2.0,32.0,-8.0,36.0
31,17,0.000189,0.000874,3.0,3.0,10.0,11.0,46.0
31,18,0.000186,0.000582,-6.0,-14.0,-8.0,11.0,31.0
31,19,0.000145,0.000482,3.0,-8.0,14.0,-13.0,33.0
31,20,0.000109,0.000381,-1.0,-18.0,10.0,10.0,35.0
31,21,9.7e-05,0.000243,3.0,-11.0,27.0,27.0,25.0
31,22,9.8e-05,0.000425,-10.0,-15.0,39.0,0.0,43.0
31,23,7.4e-05,0.000293,0.0,9.0,-16.0,-1.0,40.0
31,24,9e-05,0.000282,-11.0,-17.0,14.0,16.0,31.0
31,25,6.8e-05,0.000299,-13.0,-10.0,20.0,-32.0,44.0
31,26,6.7e-05,0.000187,1.0,-8.0,-6.0,25.0,28.0
31,27,6.4e-05,0.000275,-20.0,-14.0,29.0,24.0,43.0
31,28,5.3e-05,0.000201,-6.0,-3.0,41.0,8.0,38.0
31,29,6.9e-05,0.000198,-1.0,-12.0,1.0,10.0,29.0
31,30,5.7e-05,0.000176,5.0,10.0,8.0,10.0,31.0
31,31,4.5e-05,0.00018,-7.0,9.0,5.0,-9.0,40.0
31,32,5.3e-05,0.000176,-4.0,-3.0,3.0,19.0,33.0
31,33,3.6e-05,0.000172,-12.0,10.0,23.0,4.0,48.0
31,34,3.1e-05,0.00014,9.0,9.0,-1.0,-6.0,46.0
31,35,3.4e-05,0.000141,0.0,-8.0,-15.0,-23.0,42.0
31,36,3.8e-05,8.9e-05,-6.0,16.0,3.0,-4.0,24.0
31,37,4.1e-05,0.000131,23.0,-3.0,4.0,-6.0,32.0
31,38,3.4e-05,0.000143,2.0,-4.0,-2.0,-26.0,42.0
31,39,3.5e-05,5.5e-05,12.0,0.0,12.0,-41.0,16.0
31,40,3.1e-05,7e-05,-4.0,-4.0,-8.0,-1.0,22.0
31,41,3.2e-05,8.2e-05,3.0,8.0,-13.0,-25.0,26.0
32,0,8e-06,1.6e-05,9.0,1.0,33.0,1.0,19.0
32,1,0.004913,0.007454,-6.0,-4.0,8.0,8.0,15.0
32,2,0.006474,0.012848,-19.0,-3.0,6.0,9.0,20.0
32,3,0.003609,0.005096,4.0,2.0,7.0,15.0,14.0
32,4,0.002308,0.00428,16.0,-31.0,-23.0,2.0,19.0
32,5,0.001601,0.003353,11.0,0.0,6.0,16.0,21.0
32,6,0.001027,0.002048,5.0,10.0,6.0,-15.0,20.0
32,7,0.000966,0.001678,15.0,-7.0,2.0,-23.0,17.0
32,8,0.000597,0.001568,2.0,-5.0,17.0,-9.0,26.0
32,9,0.000518,0.001145,16.0,1.0,-12.0,13.0,22.0
32,10,0.00037,0.001068,0.0,-7.0,40.0,8.0,29.0
32,11,0.000306,0.001175,-3.0,-13.0,-26.0,2.0,38.0
32,12,0.000285,0.000639,-2.0,0.0,-30.0,-32.0,22.0
32,13,0.000231,0.000786,16.0,5.0,9.0,30.0,34.0
32,14,0.000205,0.000393,-8.0,2.0,20.0,29.0,19.0
32,15,0.000228,0.000486,1.0,13.0,5.0,18.0,21.0
32,16,0.000201,0.000267,13.0,0.0,-16.0,9.0,13.0
32,17,0.00016,0.000328,14.0,1.0,-11.0,1.0,21.0
32,18,0.000126,0.000246,-6.0,-6.0,4.0,-11.0,19.0
32,19,0.000112,0.000324,-30.0,-3.0,1.0,18.0,29.0
32,20,0.000113,0.000273,-9.0,-9.0,6.0,17.0,24.0
32,21,8.2e-05,0.000229,-12.0,-1.0,22.0,-30.0,28.0
32,22,8.5e-05,0.000275,-9.0,-7.0,16.0,3.0,32.0
32,23,0.000102,0.000187,-10.0,-7.0,12.0,-9.0,18.0
32,24,7.7e-05,0.000161,-24.0,0.0,34.0,8.0,21.0
32,25,6.4e-05,0.000166,-2.0,-2.0,10.0,-16.0,26.0
32,26,5.9e-05,0.000192,11.0,10.0,19.0,12.0,32.0
32,27,6.2e-05,0.000205,-8.0,-5.0,-4.0,-7.0,33.0
32,28,5.2e-05,9.9e-05,-2.0,-5.0,-12.0,1.0,19.0
32,29,5.9e-05,0.000152,-10.0,0.0,5.0,-25.0,26.0
32,30,4.8e-05,0.00011,-17.0,-9.0,0.0,10.0,23.0
32,31,5.7e-05,0.00011,-10.0,16.0,5.0,25.0,19.0
32,32,3.5e-05,8.2e-05,-9.0,5.0,-15.0,-7.0,24.0
32,33,4.7e-05,0.000146,-6.0,8.0,24.0,-14.0,31.0
32,34,3.3e-05,7.8e-05,9.0,2.0,33.0,18.0,24.0
32,35,2.6e-05,7.4e-05,6.0,2.0,10.0,-7.0,28.0
32,36,2.3e-05,7.3e-05,10.0,2.0,13.0,-13.0,32.0
32,37,2.9e-05,8.3e-05,4.0,7.0,-13.0,-17.0,29.0
32,38,3.6e-05,8.4e-05,16.0,-13.0,7.0,-19.0,23.0
32,39,2.8e-05,3.8e-05,20.0,-20.0,26.0,-9.0,14.0
32,40,2.3e-05,7e-05,-8.0,3.0,17.0,14.0,30.0
32,41,2.4e-05,4.9e-05,8.0,-6.0,-30.0,-26.0,20.0
33,0,5e-06,1.6e-05,-5.0,-2.0,10.0,35.0,34.0
33,1,0.002733,0.008347,16.0,8.0,16.0,14.0,31.0
33,2,0.005863,0.022339,8.0,-1.0,18.0,35.0,38.0
33,3,0.002367,0.011467,-8.0,0.0,14.0,31.0,48.0
33,4,0.003639,0.011536,-11.0,-7.0,-19.0,29.0,32.0
33,5,0.007988,0.058075,-5.0,31.0,-66.0,14.0,73.0
33,6,0.001196,0.003599,1.0,-1.0,-23.0,36.0,30.0
33,7,0.000436,0.001527,6.0,-7.0,-7.0,34.0,35.0
33,8,0.000337,0.001612,7.0,-10.0,13.0,24.0,48.0
33,9,0.000202,0.000827,-9.0,-19.0,26.0,31.0,41.0
33,10,0.000248,0.000624,12.0,12.0,21.0,32.0,25.0
33,11,0.000211,0.000916,7.0,13.0,10.0,37.0,43.0
33,12,0.00015,0.000741,-19.0,-8.0,5.0,43.0,49.0
33,13,0.000166,0.000475,3.0,7.0,27.0,58.0,29.0
33,14,0.000108,0.000485,1.0,-10.0,34.0,45.0,45.0
33,15,0.000103,0.000251,-7.0,6.0,17.0,33.0,24.0
33,16,0.000207,0.000329,6.0,16.0,-43.0,16.0,16.0
33,17,0.000131,0.00042,-8.0,7.0,-8.0,15.0,32.0
33,18,7.8e-05,0.000241,2.0,-6.0,2.0,38.0,31.0
33,19,6.9e-05,0.000337,-5.0,-4.0,22.0,-1.0,49.0
33,20,6.7e-05,0.000233,4.0,6.0,-7.0,37.0,35.0
33,21,4.8e-05,0.000264,1.0,-2.0,-14.0,5.0,55.0
33,22,4.7e-05,0.000128,-8.0,-9.0,-15.0,1.0,27.0
33,23,3.3e-05,0.00014,21.0,4.0,9.0,35.0,43.0
33,24,3e-05,7e-05,8.0,-4.0,16.0,50.0,23.0
33,25,3.6e-05,8.9e-05,7.0,1.0,7.0,27.0,24.0
33,26,5.3e-05,0.000222,8.0,4.0,10.0,25.0,42.0
33,27,4.1e-05,0.00013,11.0,-9.0,26.0,30.0,31.0
33,28,3.8e-05,0.000154,11.0,13.0,-16.0,25.0,40.0
33,29,2.7e-05,0.000127,-6.0,-4.0,15.0,17.0,47.0
33,30,3e-05,9.7e-05,-8.0,-1.0,16.0,46.0,32.0
33,31,2.5e-05,8.1e-05,22.0,7.0,-2.0,37.0,33.0
33,32,2e-05,9.4e-05,-1.0,4.0,2.0,2.0,47.0
33,33,3e-05,7.7e-05,-10.0,-5.0,-2.0,52.0,26.0
33,34,2.2e-05,7e-05,8.0,1.0,12.0,16.0,32.0
33,35,2e-05,0.000101,12.0,11.0,8.0,24.0,51.0
33,36,1.6e-05,8.7e-05,-18.0,-8.0,25.0,19.0,53.0
33,37,2.2e-05,5.1e-05,1.0,5.0,20.0,49.0,24.0
33,38,1.9e-05,8.9e-05,17.0,11.0,16.0,33.0,48.0
33,39,2e-05,6.7e-05,4.0,4.0,-21.0,28.0,33.0
33,40,1.5e-05,7.7e-05,-7.0,-8.0,17.0,19.0,53.0
33,41,1.7e-05,5.9e-05,10.0,-2.0,31.0,13.0,35.0
